FirstName,LastName,Email,Phone,Gender,Status,Profile,Location,DateCreated,DateUpdated
Srinivas,Yarra,srinivas@gmail.com,1234567890,Male,Active,image-1687349482719.man.png,Hyderabad,Wed Jun 21 2023 05:41:22 GMT+0530 (India Standard Time),Fri Jun 23 2023 10:39:35 GMT+0530 (India Standard Time)
Rahul,Ram,rahul12@gmail.com,4563217890,Male,InActive,image-1687351758089.Cresol_Logo_5.jpg,Andhra,Wed Jun 21 2023 06:19:18 GMT+0530 (India Standard Time),-
Praveen,Kumar,praveen@gmail.com,7894561230,Male,InActive,image-1687424374092.attachment_137818669.jpg,Noida,Wed Jun 21 2023 06:32:20 GMT+0530 (India Standard Time),Thu Jun 22 2023 02:29:34 GMT+0530 (India Standard Time)
Ram,Reddy,ramred12@gmail.com,4561237890,Male,InActive,image-1687407903656.man.png,Vizag,Thu Jun 22 2023 09:55:03 GMT+0530 (India Standard Time),-
Sanjana,Reddy,sanjana.m@gmail.com,4561239870,Female,Active,image-1687437770967.Cresol_Logo_5.jpg,Hyderabad,Thu Jun 22 2023 10:05:16 GMT+0530 (India Standard Time),Mon Jun 26 2023 10:37:06 GMT+0530 (India Standard Time)
Suresh,Raj,suri@gmail.com,1236549870,Male,InActive,image-1687408768305.man.png,Bangalore,Thu Jun 22 2023 10:09:28 GMT+0530 (India Standard Time),-
Priyanka,Singh,priyanka@gmail.com,6677889900,Female,Active,image-1687502767734.attachment_137818669.jpg,punjab,Thu Jun 22 2023 10:21:47 GMT+0530 (India Standard Time),Fri Jun 23 2023 12:16:07 GMT+0530 (India Standard Time)
Sashi,Kiran,sashi.k@gmail.com,7788994455,Male,Active,image-1687426259764.man.png,Vijayawada,Thu Jun 22 2023 02:27:22 GMT+0530 (India Standard Time),Thu Jun 22 2023 03:00:59 GMT+0530 (India Standard Time)
Harsh,Patel,harsh.h@gmail.com,7674936757,Male,Active,image-1687754937502.attachment_137818669.jpg,Punjab,Mon Jun 26 2023 10:18:57 GMT+0530 (India Standard Time),-